location_name,val
Global,0.085290462
"Southeast Asia, East Asia, and Oceania",0.044106404
East Asia,0.038838904
China,0.038437571
Democratic People's Republic of Korea,0.043935141
Taiwan (Province of China),0.062875197
Southeast Asia,0.05605741
Cambodia,0.058588349
Indonesia,0.043488512
Lao People's Democratic Republic,0.056863669
Malaysia,0.041172402
Maldives,0.066813483
Myanmar,0.111754678
Philippines,0.115890136
Sri Lanka,0.019145888
Thailand,0.04320807
Timor-Leste,0.052456352
Viet Nam,0.031792595
Oceania,0.210210048
Fiji,0.14649071
Kiribati,0.389321048
Marshall Islands,0.082273684
Micronesia (Federated States of),0.345019029
Papua New Guinea,0.225984153
Samoa,0.160109123
Solomon Islands,0.171941996
Tonga,0.137787738
Vanuatu,0.073939513
"Central Europe, Eastern Europe, and Central Asia",0.179794156
Central Asia,0.045309371
Armenia,0.033264942
Azerbaijan,0.028381046
Georgia,0.069115257
Kazakhstan,0.096789551
Kyrgyzstan,0.046143559
Mongolia,0.074494001
Tajikistan,0.016394005
Turkmenistan,0.046943092
Uzbekistan,0.020710511
Central Europe,0.265125882
Albania,0.101734589
Bosnia and Herzegovina,0.284857956
Bulgaria,0.356315471
Croatia,0.309579684
Czechia,0.265093764
Hungary,0.329160994
North Macedonia,0.289365107
Montenegro,0.373604716
Poland,0.256675474
Romania,0.219068276
Serbia,0.314602073
Slovakia,0.217096607
Slovenia,0.237575755
Eastern Europe,0.184270184
Belarus,0.181753562
Estonia,0.243729826
Latvia,0.221336094
Lithuania,0.187983
Republic of Moldova,0.073412354
Russian Federation,0.1903214
Ukraine,0.171473191
High-income,0.212827183
High-income Asia Pacific,0.110620803
Brunei Darussalam,0.052728688
Japan,0.134044107
Republic of Korea,0.05940922
Singapore,0.086147732
Australasia,0.190376706
Australia,0.184526746
New Zealand,0.21901402
Western Europe,0.268948421
Andorra,0.267728973
Austria,0.308276434
Belgium,0.249273669
Cyprus,0.229158084
Denmark,0.251426982
Finland,0.20203621
France,0.302799383
Germany,0.261523961
Greece,0.379350494
Iceland,0.193345581
Ireland,0.282969817
Israel,0.156848071
Italy,0.225370643
Luxembourg,0.257037765
Malta,0.196331435
Netherlands,0.264589443
Norway,0.20468121
Portugal,0.200708931
Spain,0.349369491
Sweden,0.179897732
Switzerland,0.243244533
United Kingdom,0.254211093
Southern Latin America,0.266050137
Argentina,0.226652366
Chile,0.355186174
Uruguay,0.271315903
High-income North America,0.190818806
Canada,0.191533313
United States of America,0.190653549
Latin America and Caribbean,0.119285609
Caribbean,0.119694051
Antigua and Barbuda,0.051125524
Bahamas,0.034167161
Barbados,0.047943003
Belize,0.04087281
Cuba,0.215821325
Dominica,0.064144038
Dominican Republic,0.119706395
Grenada,0.05747087
Guyana,0.04428654
Haiti,0.036130561
Jamaica,0.084496505
Saint Lucia,0.058159947
Saint Vincent and the Grenadines,0.045867164
Suriname,0.108348129
Trinidad and Tobago,0.081406098
Andean Latin America,0.054709273
Bolivia (Plurinational State of),0.05772727
Ecuador,0.057135797
Peru,0.052684435
Central Latin America,0.1056754
Colombia,0.121230886
Costa Rica,0.107397194
El Salvador,0.033569412
Guatemala,0.044874692
Honduras,0.051790246
Mexico,0.110040312
Nicaragua,0.056919778
Panama,0.057454204
Venezuela (Bolivarian Republic of),0.132270662
Tropical Latin America,0.147313067
Brazil,0.14848328
Paraguay,0.102181713
North Africa and Middle East,0.058343896
North Africa and Middle East,0.058343896
Algeria,0.019860186
Bahrain,0.04806611
Egypt,0.013278274
Iran (Islamic Republic of),0.047587691
Iraq,0.039987768
Jordan,0.108875154
Kuwait,0.050360542
Lebanon,0.252900276
Libya,0.01277972
Morocco,0.011650209
Palestine,0.042237168
Oman,0.017644559
Qatar,0.031911045
Saudi Arabia,0.022145811
Syrian Arab Republic,0.068126787
Tunisia,0.030494995
Turkey,0.174978602
United Arab Emirates,0.048679002
Yemen,0.088111732
South Asia,0.044253605
South Asia,0.044253605
Afghanistan,0.022701132
Bangladesh,0.022859674
Bhutan,0.045381723
India,0.041789591
Nepal,0.233480627
Pakistan,0.052955468
Sub-Saharan Africa,0.038808293
Central Sub-Saharan Africa,0.016344968
Angola,0.02637608
Central African Republic,0.016395086
Congo,0.020975694
Democratic Republic of the Congo,0.012469
Equatorial Guinea,0.023596582
Gabon,0.033189958
Eastern Sub-Saharan Africa,0.04085032
Burundi,0.056527346
Comoros,0.034064047
Djibouti,0.051958777
Eritrea,0.007289671
Ethiopia,0.010997716
Kenya,0.044824001
Madagascar,0.028623506
Malawi,0.043957825
Mauritius,0.051652809
Mozambique,0.07453243
Rwanda,0.093547593
Seychelles,0.07793708
Somalia,0.030852615
United Republic of Tanzania,0.046241797
Uganda,0.053620963
Zambia,0.090777099
Southern Sub-Saharan Africa,0.107889943
Botswana,0.091523365
Lesotho,0.020699899
Namibia,0.138013922
South Africa,0.126651867
Eswatini,0.033046698
Zimbabwe,0.042609821
Western Sub-Saharan Africa,0.023818801
Benin,0.027088765
Burkina Faso,0.023816673
Cameroon,0.018825401
Cabo Verde,0.033170772
Chad,0.044836865
CÃ´te d'Ivoire,0.043654165
Gambia,0.015228352
Ghana,0.022366504
Guinea,0.021137591
Guinea-Bissau,0.009143168
Liberia,0.030464947
Mali,0.023230848
Mauritania,0.098766346
Niger,0.020360523
Nigeria,0.016558735
Sao Tome and Principe,0.019756851
Senegal,0.023724369
Sierra Leone,0.097938698
Togo,0.02963105
American Samoa,0.23355743
Bermuda,0.088760728
Cook Islands,0.24670745
Greenland,0.474028229
Guam,0.214540254
Monaco,0.25434798
Nauru,0.463336401
Niue,0.156466239
Northern Mariana Islands,0.202714662
Palau,0.132003954
Puerto Rico,0.091938935
Saint Kitts and Nevis,0.030941069
San Marino,0.213994253
Tokelau,0.168897294
Tuvalu,0.197727984
United States Virgin Islands,0.059519927
South Sudan,0.029512835
Sudan,0.024414067
